Pharmacies;Horaires
Grande Pharmacie Brochant ;8H30-20H
Pharmacie Bailly ; 8H-20H
Pharmacie Barbes Lafayette ;9H-20H
Pharmacie Chiche (Croix De Lorraine);9H-18H30 SAMEDI et LUNDI : 9H-19H30
Pharmacie Chope;8H30-20H30 SAMEDI : 8H30-19H
Pharmacie Dauny ;9H-20H LUNDI : 10H-20H  SAMEDI : 9H-19H
Pharmacie Dambreville;9H-19H30
Pharmacie De Celleneuve ;8H30-19H30 SAMEDI : 8H30-12H30
Pharmacie De L'echat ;9H-19H30 SAMEDI : 9H30 
Pharmacie De L’eden ;9H-20H
Pharmacie De La Croix Verte ;8H30-19H30 LUNDI : 14H-19H30
Pharmacie De La Tour ;9H-19H30 SAMEDI : 9h-19h
Pharmacie De La Vierge ;9H30-19H SAMEDI : 9H30-18H
Pharmacie Des Acqueducs ;8H30-19H30 SAMEDI : 8H30-18H30
Pharmacie Du Centre ;9H-19H
Pharmacie Du France ;8H30-20H
Pharmacie Gravelle ;8H-20H SAMEDI : 9H-20H
Pharmacie Des Peupliers ;8H30-20H
Pharmacie Du Palais Des Sports ;8H30-19H30
Pharmacie Du Parc ;9H30-19H30
Pharmacie Du Passage Saint Pierre ;Lundi 10H Reste : 8H30-19H30
Pharmacie Du Village ;9H-20H
Pharmacie Du Sud ;8H30-19H30 SAMEDI : 9H-18H
Pharmacie El Kaim;8H30-19H30 SAMEDI : 9H-13H
Pharmacie Firmis ;SEMAINE : 9H-19H30 SAMEDI : 9H-19H30 
Pharmacie Francoise ;9H-20H
Pharmacie Mailloles ;8H45-19H SAMEDI : 9H-12H30
Pharmacie Maurin ;9H-19H30 SAMEDI : 9H-12H30
Pharmacie Mignon ;9H-19H30 SAMEDI : 10H-13H
Pharmacie Passy Chernoviz ;8H30-20H
Pharmacie Paillasse ;9H00-19H30
Pharmacie Place Metivier ;8H30-20H  SAMEDI : 9H
Pharmacie Place Mexico Assouly ;8H00-20H
Pharmacie Populaire ;8H30-19H30 
Pharmacie Saint Martial ;9h-19H30 SAMEDI : 9H-12H30
Pharmacie Saint Maur Oberkampf ;9H-20H
Pharmacie Soupetard ;8H30-20H SAMEDI : 9H-14H
Pharmacie Touati ;9H15-19H30
Pharmacie Alesia Rive Gauche ;9H-20H 
Pharmacie Des Artistes ;8H30-20H30 DIMANCHE : 9H-20H30
Pharmacie Bac Montalembert ;8H30-20H SAMEDI : 9H30
Pharmacie Beaumarchais ;9H-20H
Pharmacie Benhamou;9H-19H30
Pharmacie Centrale De L'est  ;8H30-20H SAMEDI : 9H30
Pharmacie Centrale Des Vallees Colombes ;9H-19H30 SAMEDI : 9H-19H
Pharmacie Courcelles;8H30-20H   SAMEDI : 9H-20H
Pharmacie Darmon ;9H-20H
Pharmacie Du Soleil ; 9H-20H
Pharmacie De La Gare De Choisy (Mariani) ;9H-19H30 LUNDI : 9H30
Pharmacie Place Blanche (Moulin Rouge) ;8H30-20H30 DIMANCHE : 9H-20H30
Pharmacie De La Folie Regnault ;9H30-18H30 
Pharmacie De La Porte D'asniere ;8H-20H SAMEDI : 9H-20H
Pharmacie De La Porte De Vincennes ;24/24
Pharmacie De La Reunion ;9H-19H30 SAMEDI : 9H-12H30
Pharmacie Des 4 Tours  ;9H-18H
Pharmacie Des Meches Créteil ;8H30-20H SAMEDI : 9H30-19H30
Pharmacie Du Rond Point Montrouge  ;9H-20H
Pharmacie Forge  ;9H00-20H00 
Pharmacie Fromentin ;9H-20H
Pharmacie Gallieni (Montreuil) ;9H-20H
Pharmacie Happy Pharma ;8H30-19H00 SAMEDI : 9H-19H
Pharmacie Hattab ;8H30-19H SAMEDI : 9H-19H
Pharmacie Internationale ;9H-19H30 SAMEDI : 9H30 
Pharmacie Kann (Ile Saint Denis) ;9H-19H30
Pharmacie Laquintinie ;9H-19H SAMEDI :
Pharmacie Lellouche;9H-20H 
Pharmacie Mabillon (Saint Germain) ;9H-18H
Pharmacie Mairie Du Xivéme ; 8H30-20H30
Pharmacie Malsherbes;LUNDI A JEUDI : 9H30-18H30 
Pharmacie Menilmontant (Saint-Georges) ;8H30-20H
Pharmacie Mirabeau Lellouche ;9H-20H SAMEDI : 9H30-12H30
Pharmacie Nation ;8H30-20H30
Pharmacie Rue Du Bac St Germain ;8H30-20H
Pharmacie Sebbag-Allouche ;9H-20H SAMEDI : 9H30-20H
Pharmacie Suffren ;9H-20H
Pharmacie Vincent Auriol;9H-20H00
Pharmacie Assas ;9H-19H30
Pharmacie Canebiere ;8H30-19H SAMEDI : 8H30-13H
Pharmacie Chapus ;8H30-19H SAMEDI : 8H30-12H30
Pharmacie Du Parc Chanot ;8H30-19H30 SAMEDI : 8H30-19H30
Pharmacie Du Parc Saint-Cyr ;8H30-19H30 SAMEDI : 8H30-12H30
Pharmacie Pharmavance Hauts De Suresnes ;9H30-19H
Pharmacie Espace Conseil;8H-20H DIMANCHE : 8H-20H
Pharmacie Mairie Du Xviii Eme ;8H30-20H30
Pharmacie Notre Dame Des Champs ;9H-20H
Pharmacie Porte De Saint-Ouen ;8H30-20H30 DIMANCHE : 8H30-20H30
Pharmacie Prado ;8H30-19H30 SAMEDI : 9H-19H
Pharmacie Saint-Loup ;8H30-19H30 SAMEDI : 8H30-12H30
